Date,Open,High,Low,Close
2021-01-04,6.49197,6.49404,6.44146,6.44632
2021-01-05,6.45347,6.45707,6.41269,6.44333
2021-01-06,6.43601,6.44743,6.42723,6.44157
2021-01-07,6.44739,6.45755,6.43674,6.45755
2021-01-08,6.46639,6.47535,6.45288,6.46013
2021-01-11,6.47268,6.48923,6.46865,6.47751
2021-01-12,6.47497,6.47683,6.45498,6.45517
2021-01-13,6.44232,6.46053,6.44067,6.46016
2021-01-14,6.46503,6.47175,6.45826,6.45965
2021-01-15,6.46744,6.47763,6.46375,6.47719
2021-01-18,6.48578,6.50693,6.48091,6.50693
2021-01-19,6.49542,6.49732,6.48247,6.48434
2021-01-20,6.47565,6.47985,6.46305,6.47141
2021-01-21,6.46504,6.46784,6.45612,6.46389
2021-01-22,6.46664,6.48814,6.46505,6.48498
2021-01-25,6.49335,6.49655,6.48255,6.49317
2021-01-26,6.48759,6.49011,6.47798,6.48418
2021-01-27,6.47366,6.47935,6.46729,6.47837
2021-01-28,6.50364,6.51425,6.49091,6.49183
2021-01-29,6.47149,6.4799,6.45682,6.45892
2021-02-01,6.45492,6.47224,6.44408,6.47169
2021-02-02,6.47193,6.47514,6.45579,6.4589
2021-02-03,6.45995,6.46664,6.45616,6.46371
2021-02-04,6.45786,6.47015,6.45715,6.46718
2021-02-05,6.47219,6.48654,6.47116,6.47575
2021-02-08,6.45839,6.46195,6.44952,6.45142
2021-02-09,6.44544,6.44844,6.42205,6.42212
2021-02-10,6.41878,6.42865,6.41296,6.42745
2021-02-11,6.42796,6.43333,6.41881,6.42212
2021-02-12,6.42279,6.43754,6.42165,6.43425
2021-02-15,6.42141,6.42243,6.40106,6.40328
2021-02-16,6.40508,6.42011,6.4011,6.41396
2021-02-17,6.43169,6.44924,6.42937,6.44094
2021-02-18,6.43555,6.46482,6.43015,6.45593
2021-02-19,6.45975,6.46785,6.44335,6.44413
2021-02-22,6.45015,6.47335,6.44956,6.4671
2021-02-23,6.46422,6.46615,6.45416,6.4648
2021-02-24,6.4585,6.46374,6.44158,6.44158
2021-02-25,6.44748,6.45641,6.44465,6.44774
2021-02-26,6.49963,6.50796,6.46569,6.47374
2021-03-01,6.4719,6.47675,6.46495,6.47084
2021-03-02,6.46603,6.48348,6.46459,6.47935
2021-03-03,6.47423,6.47434,6.45896,6.46838
2021-03-04,6.48045,6.48045,6.47028,6.47508
2021-03-05,6.48941,6.49657,6.47967,6.49657
2021-03-08,6.50979,6.54833,6.50657,6.54799
2021-03-09,6.55038,6.56055,6.51967,6.52125
2021-03-10,6.51897,6.52775,6.50755,6.51308
2021-03-11,6.49965,6.50467,6.48728,6.48812
2021-03-12,6.48146,6.51405,6.47675,6.51405
2021-03-15,6.49917,6.51642,6.49395,6.50079
2021-03-16,6.49823,6.50355,6.4928,6.50006
2021-03-17,6.50255,6.50814,6.50026,6.50306
2021-03-18,6.48819,6.50629,6.48652,6.50143
2021-03-19,6.50825,6.5216,6.50447,6.5111
2021-03-22,6.5136,6.51585,6.50696,6.50915
2021-03-23,6.50763,6.51361,6.50352,6.51357
2021-03-24,6.52342,6.52875,6.51791,6.51905
2021-03-25,6.52936,6.5407,6.5263,6.53895
2021-03-26,6.5467,6.5467,6.53906,6.54103
2021-03-29,6.54268,6.5699,6.54085,6.56472
2021-03-30,6.57667,6.58234,6.56835,6.57366
2021-03-31,6.57412,6.57665,6.56166,6.56379
2021-04-01,6.56219,6.58705,6.55913,6.58665
2021-04-05,6.57264,6.58304,6.57245,6.57609
2021-04-06,6.55728,6.56459,6.55116,6.5574
2021-04-07,6.54388,6.55183,6.53892,6.5481
2021-04-08,6.55143,6.56064,6.55025,6.55732
2021-04-09,6.55656,6.56999,6.55091,6.56466
2021-04-12,6.56012,6.56553,6.54947,6.54965
2021-04-13,6.54925,6.55799,6.54843,6.55291
2021-04-14,6.54301,6.54483,6.53245,6.53506
2021-04-15,6.53265,6.54385,6.5241,6.52719
2021-04-16,6.52676,6.53615,6.52277,6.52478
2021-04-19,6.52798,6.53383,6.50615,6.50634
2021-04-20,6.50915,6.50975,6.48866,6.49599
2021-04-21,6.50066,6.50161,6.49135,6.49871
2021-04-22,6.492,6.49255,6.48026,6.49006
2021-04-23,6.49602,6.49782,6.48931,6.49175
2021-04-26,6.4886,6.49084,6.47925,6.48068
2021-04-27,6.475,6.48573,6.47429,6.48283
2021-04-28,6.48314,6.48695,6.4795,6.48101
2021-04-29,6.47394,6.47394,6.46165,6.46529
2021-04-30,6.46382,6.47325,6.46214,6.46388
2021-05-03,6.47223,6.48265,6.46996,6.47902
2021-05-04,6.47039,6.48753,6.47035,6.48526
2021-05-05,6.48368,6.49293,6.47837,6.48595
2021-05-06,6.48446,6.48603,6.47265,6.47449
2021-05-07,6.46561,6.46735,6.44911,6.44978
2021-05-10,6.41486,6.42935,6.40606,6.40841
2021-05-11,6.42163,6.42955,6.4163,6.41928
2021-05-12,6.42885,6.44353,6.42589,6.43946
2021-05-13,6.45581,6.45894,6.44947,6.45701
2021-05-14,6.44897,6.45159,6.43287,6.43977
2021-05-17,6.43957,6.44587,6.43859,6.44277
2021-05-18,6.44123,6.44267,6.41895,6.42457
2021-05-19,6.42448,6.43732,6.42315,6.43713
2021-05-20,6.44135,6.44175,6.43415,6.43896
2021-05-21,6.43358,6.43765,6.42926,6.42983
2021-05-24,6.43612,6.44022,6.42781,6.42782
2021-05-25,6.41311,6.41514,6.39378,6.39799
2021-05-26,6.41042,6.41042,6.38068,6.38439
2021-05-27,6.38576,6.39242,6.36865,6.37241
2021-05-28,6.37885,6.38115,6.36015,6.3632
2021-05-31,6.36984,6.37335,6.35398,6.37167
2021-06-01,6.3687,6.38132,6.36135,6.38125
2021-06-02,6.382,6.39068,6.37719,6.38454
2021-06-03,6.3836,6.39435,6.37981,6.38996
2021-06-04,6.39886,6.40915,6.39806,6.40813
2021-06-07,6.3921,6.39925,6.38841,6.39384
2021-06-08,6.38792,6.39662,6.38585,6.3962
2021-06-09,6.40033,6.40069,6.38829,6.38839
2021-06-10,6.38849,6.38873,6.37817,6.38655
2021-06-11,6.38582,6.38815,6.38008,6.38806
2021-06-14,6.39528,6.41955,6.39528,6.41427
2021-06-15,6.40847,6.40953,6.40084,6.40279
2021-06-16,6.40665,6.40687,6.39521,6.39654
2021-06-17,6.43879,6.44023,6.42199,6.43855
2021-06-18,6.45225,6.45752,6.44135,6.44198
2021-06-21,6.45497,6.47967,6.45285,6.47312
2021-06-22,6.46765,6.48375,6.46387,6.48335
2021-06-23,6.47599,6.49434,6.47378,6.48185
2021-06-24,6.47909,6.48535,6.46925,6.46985
2021-06-25,6.47105,6.47203,6.45435,6.45581
2021-06-28,6.45889,6.46871,6.45786,6.46197
2021-06-29,6.4612,6.46621,6.458,6.46286
2021-06-30,6.46509,6.46815,6.45896,6.46261
2021-07-01,6.46735,6.47463,6.46245,6.4698
2021-07-02,6.47405,6.49014,6.47315,6.48734
2021-07-05,6.47145,6.47483,6.46011,6.46325
2021-07-06,6.46374,6.46922,6.45945,6.4692
2021-07-07,6.47809,6.48263,6.46547,6.46582
2021-07-08,6.47494,6.49004,6.47358,6.48483
2021-07-09,6.49138,6.49803,6.48878,6.49396
2021-07-12,6.47899,6.48234,6.47407,6.47946
2021-07-13,6.47652,6.47655,6.46666,6.47208
2021-07-14,6.48107,6.48434,6.47527,6.47589
2021-07-15,6.46304,6.47114,6.45795,6.45846
2021-07-16,6.46395,6.47385,6.46336,6.47021
2021-07-19,6.47755,6.49325,6.47728,6.49143
2021-07-20,6.49467,6.49505,6.48199,6.48496
2021-07-21,6.48524,6.48665,6.47255,6.47366
2021-07-22,6.46535,6.47234,6.46489,6.46753
2021-07-23,6.47492,6.47994,6.47017,6.47717
2021-07-26,6.477,6.49023,6.477,6.48386
2021-07-27,6.48154,6.51915,6.47745,6.50625
2021-07-28,6.52174,6.52244,6.50419,6.50622
2021-07-29,6.48849,6.49243,6.45955,6.46155
2021-07-30,6.46001,6.46853,6.45197,6.46007
2021-08-02,6.46705,6.47241,6.46017,6.46186
2021-08-03,6.4639,6.46845,6.46095,6.46385
2021-08-04,6.46526,6.46722,6.45485,6.45675
2021-08-05,6.46309,6.46555,6.45577,6.45849
2021-08-06,6.46117,6.46803,6.46105,6.46741
2021-08-09,6.48277,6.48478,6.47406,6.47639
2021-08-10,6.48439,6.48722,6.47945,6.48587
2021-08-11,6.48716,6.49225,6.48199,6.49153
2021-08-12,6.47748,6.48123,6.47436,6.47824
2021-08-13,6.47923,6.48453,6.47735,6.48316
2021-08-16,6.481,6.48143,6.47255,6.47538
2021-08-17,6.47617,6.48952,6.47591,6.48328
2021-08-18,6.49249,6.49324,6.48075,6.48343
2021-08-19,6.48613,6.50424,6.48605,6.49377
2021-08-20,6.49975,6.50895,6.49689,6.50545
2021-08-23,6.50127,6.50131,6.48786,6.48786
2021-08-24,6.47889,6.48525,6.4764,6.48153
2021-08-25,6.46992,6.47885,6.46768,6.47333
2021-08-26,6.47044,6.48425,6.47036,6.4807
2021-08-27,6.4827,6.48602,6.47665,6.4774
2021-08-30,6.46359,6.46822,6.46255,6.46626
2021-08-31,6.46561,6.47085,6.45458,6.45753
2021-09-01,6.45413,6.46355,6.45285,6.46245
2021-09-02,6.45217,6.45904,6.45136,6.45415
2021-09-03,6.44912,6.45665,6.44387,6.44462
2021-09-06,6.43771,6.45335,6.43767,6.45225
2021-09-07,6.44941,6.46144,6.44815,6.4614
2021-09-08,6.46125,6.46325,6.45635,6.45747
2021-09-09,6.45895,6.46205,6.45226,6.45272
2021-09-10,6.45157,6.45435,6.42865,6.43218
2021-09-13,6.44101,6.45315,6.44101,6.44935
2021-09-14,6.44278,6.44683,6.43717,6.44197
2021-09-15,6.43827,6.44265,6.42765,6.42833
2021-09-16,6.42879,6.44483,6.42865,6.44435
2021-09-17,6.45328,6.4606,6.44495,6.45216
2021-09-20,6.47345,6.48754,6.47106,6.48475
2021-09-21,6.48171,6.48174,6.47215,6.47832
2021-09-22,6.48521,6.48643,6.46685,6.46917
2021-09-23,6.47165,6.47455,6.45337,6.4559
2021-09-24,6.46287,6.46791,6.45839,6.46564
2021-09-27,6.46119,6.46539,6.45365,6.46394
2021-09-28,6.46032,6.46284,6.45425,6.4616
2021-09-29,6.47111,6.47733,6.46547,6.47159
2021-09-30,6.47874,6.47881,6.46695,6.46775
2021-10-01,6.44913,6.46185,6.42846,6.43895
2021-10-04,6.44349,6.45875,6.44055,6.45195
2021-10-05,6.45063,6.45914,6.44246,6.44798
2021-10-06,6.44881,6.4668,6.44715,6.46462
2021-10-07,6.45529,6.45691,6.44846,6.45451
2021-10-08,6.45067,6.45504,6.44829,6.45166
2021-10-11,6.44641,6.44864,6.43637,6.44789
2021-10-12,6.45896,6.46305,6.45308,6.45443
2021-10-13,6.45455,6.45575,6.44375,6.44558
2021-10-14,6.42878,6.43973,6.42696,6.43472
2021-10-15,6.43617,6.43723,6.42317,6.43079
2021-10-18,6.43225,6.43875,6.43007,6.43122
2021-10-19,6.42884,6.42884,6.38165,6.38165
2021-10-20,6.3756,6.39283,6.37526,6.39076
2021-10-21,6.39315,6.40004,6.38407,6.39467
2021-10-22,6.39361,6.39743,6.38236,6.38536
2021-10-25,6.3833,6.3869,6.37475,6.38475
2021-10-26,6.38197,6.3854,6.37606,6.3788
2021-10-27,6.38015,6.39585,6.37686,6.39358
2021-10-28,6.39485,6.40234,6.39245,6.39624
2021-10-29,6.38919,6.39461,6.38327,6.3927
2021-11-01,6.40828,6.40889,6.39556,6.39556
2021-11-02,6.39593,6.40035,6.39285,6.39459
2021-11-03,6.4023,6.40561,6.39349,6.39398
2021-11-04,6.39335,6.40065,6.39115,6.39915
2021-11-05,6.39584,6.40334,6.39565,6.40072
2021-11-08,6.39715,6.39885,6.39197,6.3926
2021-11-09,6.38968,6.39512,6.38725,6.38867
2021-11-10,6.38907,6.39382,6.38795,6.38877
2021-11-11,6.3998,6.40735,6.39787,6.39976
2021-11-12,6.39301,6.39395,6.37366,6.37368
2021-11-15,6.37891,6.38203,6.37375,6.37823
2021-11-16,6.38285,6.38402,6.36266,6.38195
2021-11-17,6.39132,6.39281,6.37935,6.38304
2021-11-18,6.37604,6.38345,6.37407,6.38255
2021-11-19,6.38067,6.39325,6.38047,6.39325
2021-11-22,6.39302,6.39505,6.37807,6.38474
2021-11-23,6.38991,6.39034,6.38418,6.38875
2021-11-24,6.39199,6.39375,6.38685,6.38911
2021-11-25,6.39508,6.39605,6.38765,6.38823
2021-11-26,6.39032,6.39642,6.38875,6.39353
2021-11-29,6.39511,6.39513,6.3812,6.38445
2021-11-30,6.38477,6.38485,6.37064,6.37461
2021-12-01,6.36842,6.37335,6.36375,6.37334
2021-12-02,6.37231,6.37713,6.36847,6.37396
2021-12-03,6.37356,6.37725,6.36865,6.37381
2021-12-06,6.3756,6.37735,6.3687,6.37731
2021-12-07,6.37523,6.37633,6.36636,6.36636
2021-12-08,6.36457,6.36643,6.34427,6.34907
2021-12-09,6.34551,6.34775,6.33955,6.34775
2021-12-10,6.37725,6.38673,6.36445,6.37341
2021-12-13,6.37526,6.37561,6.36425,6.36898
2021-12-14,6.37489,6.37495,6.36805,6.3681
2021-12-15,6.37237,6.37514,6.36985,6.37399
2021-12-16,6.37609,6.37915,6.37126,6.37732
2021-12-17,6.37974,6.38634,6.37497,6.38629
2021-12-20,6.3874,6.38985,6.38415,6.3879
2021-12-21,6.3839,6.38442,6.37546,6.3787
2021-12-22,6.37742,6.38045,6.37477,6.37921
2021-12-23,6.37735,6.37761,6.37359,6.37565
2021-12-24,6.37636,6.37795,6.37199,6.37249
2021-12-27,6.37489,6.37665,6.3708,6.37422
2021-12-28,6.3742,6.37762,6.37267,6.37333
2021-12-29,6.37366,6.37425,6.36655,6.37071
2021-12-30,6.36984,6.37739,6.36726,6.37415
2021-12-31,6.37708,6.37872,6.3518,6.3518
2022-01-03,6.36129,6.36759,6.35165,6.36578
2022-01-04,6.37122,6.38135,6.37035,6.37828
2022-01-05,6.37572,6.3768,6.37076,6.37257
2022-01-06,6.37494,6.38685,6.37219,6.38685
2022-01-07,6.39211,6.39275,6.37896,6.38317
2022-01-10,6.38272,6.38323,6.37736,6.38165
2022-01-11,6.38085,6.38161,6.37665,6.38115
2022-01-12,6.37758,6.37764,6.36846,6.37115
2022-01-13,6.36316,6.36875,6.36125,6.36356
2022-01-14,6.36335,6.3664,6.34268,6.35354
2022-01-17,6.35592,6.36382,6.34595,6.35146
2022-01-18,6.35218,6.35854,6.34145,6.35614
2022-01-19,6.35988,6.36203,6.34965,6.35259
2022-01-20,6.35294,6.35294,6.34376,6.34744
2022-01-21,6.34832,6.35245,6.34221,6.34427
2022-01-24,6.33996,6.34155,6.32565,6.32667
2022-01-25,6.33362,6.33695,6.32981,6.33565
2022-01-26,6.3312,6.33244,6.32435,6.32471
2022-01-27,6.3377,6.37083,6.33668,6.36581
2022-01-28,6.36976,6.3729,6.35885,6.36775
2022-01-31,6.36763,6.38562,6.36545,6.37956
2022-02-01,6.37298,6.37443,6.36545,6.36956
2022-02-02,6.36987,6.37485,6.36277,6.36282
2022-02-03,6.35862,6.37101,6.35846,6.36669
2022-02-04,6.35268,6.36052,6.34946,6.35928
2022-02-07,6.36303,6.36885,6.35746,6.36227
2022-02-08,6.36163,6.3751,6.35865,6.37075
2022-02-09,6.36737,6.37065,6.36355,6.36678
2022-02-10,6.36335,6.36772,6.35678,6.36033
2022-02-11,6.36518,6.36933,6.35916,6.36346
2022-02-14,6.36652,6.36675,6.36155,6.36306
2022-02-15,6.35706,6.35875,6.34996,6.35229
2022-02-16,6.33885,6.34185,6.33348,6.33814
2022-02-17,6.33271,6.33671,6.32815,6.33585
2022-02-18,6.33403,6.33511,6.32015,6.32116
2022-02-21,6.32602,6.33004,6.32006,6.32862
2022-02-22,6.32915,6.34432,6.32887,6.32894
2022-02-23,6.32373,6.32873,6.30845,6.31186
2022-02-24,6.3138,6.3266,6.311,6.3217
2022-02-25,6.32273,6.32354,6.30989,6.31545
2022-02-28,6.3213,6.32303,6.30865,6.31143
2022-03-01,6.31229,6.317,6.3074,6.316
2022-03-02,6.3185,6.3232,6.3116,6.3175
2022-03-03,6.3234,6.327,6.3211,6.327
2022-03-04,6.3224,6.3263,6.3192,6.3202
2022-03-07,6.3275,6.3307,6.3212,6.3234
2022-03-08,6.3249,6.3261,6.3137,6.3193
2022-03-09,6.3244,6.3293,6.3183,6.321
2022-03-10,6.3236,6.33035,6.3217,6.3292
2022-03-11,6.32529,6.34439,6.32529,6.34429
2022-03-14,6.36096,6.38158,6.35815,6.37869
2022-03-15,6.39376,6.40977,6.38651,6.40333
2022-03-16,6.38474,6.39131,6.35295,6.3687
2022-03-17,6.36447,6.36502,6.35541,6.36308
2022-03-18,6.36429,6.38097,6.36042,6.37361
2022-03-21,6.37164,6.37946,6.36195,6.36536
2022-03-22,6.37255,6.37772,6.37048,6.37751
2022-03-23,6.37656,6.39046,6.37499,6.38495
2022-03-24,6.38971,6.39345,6.3803,6.38543
2022-03-25,6.38174,6.38268,6.37248,6.37472
2022-03-28,6.38874,6.39822,6.3827,6.38551
2022-03-29,6.38361,6.38747,6.378,6.38016
2022-03-30,6.37608,6.37784,6.35786,6.3597
2022-03-31,6.3596,6.36162,6.34712,6.34893
2022-04-01,6.35324,6.36754,6.35175,6.36558
2022-04-04,6.37269,6.37366,6.36692,6.37362
2022-04-05,6.3724,6.37394,6.36195,6.36963
2022-04-06,6.37917,6.38683,6.36584,6.36742
2022-04-07,6.3621,6.3685,6.35907,6.36686
2022-04-08,6.36393,6.37008,6.35819,6.36746
2022-04-11,6.37198,6.38554,6.3696,6.37888
2022-04-12,6.3893,6.38997,6.37416,6.37822
2022-04-13,6.37748,6.38228,6.37132,6.37627
2022-04-14,6.37316,6.38516,6.37241,6.38075
2022-04-18,6.381,6.39001,6.37517,6.37627
2022-04-19,6.37867,6.39982,6.37837,6.39891
2022-04-20,6.41514,6.44491,6.41378,6.43603
2022-04-21,6.44783,6.47894,6.43316,6.47043
2022-04-22,6.48341,6.52696,6.47256,6.52636
2022-04-25,6.53057,6.59772,6.52909,6.59045
2022-04-26,6.57192,6.59799,6.54538,6.56863
2022-04-27,6.58614,6.59333,6.57589,6.58098
2022-04-28,6.58957,6.65656,6.58807,6.64163
2022-04-29,6.6593,6.69385,6.60998,6.62024
2022-05-05,6.62128,6.65491,6.6181,6.64784
2022-05-06,6.68666,6.73407,6.6863,6.70801
2022-05-09,6.72396,6.7766,6.72396,6.7701
2022-05-10,6.75755,6.77545,6.70997,6.74806
2022-05-11,6.74989,6.76144,6.73284,6.74514
2022-05-12,6.76664,6.82937,6.75547,6.81309
2022-05-13,6.82378,6.83824,6.78446,6.81377
2022-05-16,6.79236,6.82046,6.78362,6.81249
2022-05-17,6.79665,6.79876,6.74975,6.76108
2022-05-18,6.73805,6.77254,6.73432,6.75032
2022-05-19,6.78531,6.78814,6.76522,6.77777
2022-05-20,6.73356,6.74238,6.67268,6.67769
2022-05-23,6.69793,6.70382,6.65484,6.65654
2022-05-24,6.66318,6.691,6.66067,6.68038
2022-05-25,6.65981,6.68774,6.65875,6.6811
2022-05-26,6.71151,6.77157,6.70136,6.74935
2022-05-27,6.77006,6.78561,6.73109,6.73337
2022-05-30,6.7131,6.72275,6.65514,6.67254
2022-05-31,6.6698,6.69289,6.65997,6.67226
2022-06-01,6.67698,6.71379,6.67286,6.69297
2022-06-02,6.70304,6.71495,6.67419,6.67925
2022-06-03,6.66232,6.66248,6.6177,6.63013
2022-06-06,6.64479,6.66427,6.64285,6.64424
2022-06-07,6.65901,6.67941,6.65838,6.6689
2022-06-08,6.67476,6.70203,6.66701,6.69238
2022-06-09,6.69943,6.70963,6.66802,6.66896
2022-06-10,6.70158,6.70707,6.68576,6.70029
2022-06-13,6.75332,6.77282,6.7441,6.75046
2022-06-14,6.77989,6.78585,6.72722,6.7469
2022-06-15,6.74778,6.74992,6.71544,6.72447
2022-06-16,6.67481,6.72793,6.67218,6.72046
2022-06-17,6.68958,6.71597,6.68865,6.70919
2022-06-20,6.70672,6.71595,6.66931,6.68685
2022-06-21,6.68859,6.70131,6.67213,6.69334
2022-06-22,6.69213,6.73384,6.69179,6.71765
2022-06-23,6.71404,6.71939,6.70192,6.70839
2022-06-24,6.69958,6.7026,6.68708,6.68965
2022-06-27,6.68129,6.68954,6.67706,6.68688
2022-06-28,6.68943,6.70027,6.6688,6.68523
2022-06-29,6.70227,6.7175,6.69988,6.70372
2022-06-30,6.70602,6.71047,6.68975,6.70263
2022-07-01,6.69789,6.72714,6.69425,6.70363
2022-07-04,6.69831,6.70586,6.6811,6.68951
2022-07-05,6.69314,6.71134,6.68169,6.70819
2022-07-06,6.71187,6.71911,6.70526,6.71116
2022-07-07,6.71511,6.72003,6.69808,6.70796
2022-07-08,6.6933,6.70953,6.69129,6.70362
2022-07-11,6.68974,6.71414,6.68764,6.70777
2022-07-12,6.72258,6.75317,6.72183,6.73304
2022-07-13,6.73914,6.7424,6.72146,6.72782
2022-07-14,6.73353,6.76365,6.72383,6.7491
2022-07-15,6.75752,6.7841,6.74808,6.7705
2022-07-18,6.76199,6.76498,6.73757,6.73821
2022-07-19,6.76037,6.76215,6.74199,6.74343
2022-07-20,6.74386,6.76233,6.7369,6.75606
2022-07-21,6.77446,6.78382,6.76176,6.78055
2022-07-22,6.76834,6.78383,6.76776,6.77338
2022-07-25,6.76113,6.76674,6.74384,6.74612
2022-07-26,6.75308,6.76334,6.74563,6.76307
2022-07-27,6.76827,6.77037,6.75349,6.75685
2022-07-28,6.74522,6.75339,6.73505,6.74954
2022-07-29,6.74476,6.75232,6.7288,6.73988
2022-08-01,6.75284,6.7704,6.75008,6.76316
2022-08-02,6.78701,6.7953,6.76627,6.76987
2022-08-03,6.77972,6.77979,6.75346,6.76335
2022-08-04,6.76121,6.76803,6.75334,6.76621
2022-08-05,6.75361,6.75788,6.74605,6.75705
2022-08-08,6.76305,6.77111,6.76118,6.76966
2022-08-09,6.76012,6.76528,6.75461,6.75495
2022-08-10,6.75488,6.76493,6.75488,6.75963
2022-08-11,6.72592,6.74277,6.72463,6.73975
2022-08-12,6.7425,6.74547,6.73025,6.74192
2022-08-15,6.73739,6.78586,6.73613,6.78151
2022-08-16,6.81319,6.81923,6.79274,6.80494
2022-08-17,6.79556,6.80057,6.7757,6.78999
2022-08-18,6.78977,6.81375,6.78493,6.80154
2022-08-19,6.80401,6.82903,6.80297,6.82333
2022-08-22,6.83896,6.86219,6.83443,6.85599
2022-08-23,6.8676,6.88494,6.85774,6.86626
2022-08-24,6.85467,6.88191,6.85227,6.8774
2022-08-25,6.87723,6.87767,6.84667,6.85684
2022-08-26,6.85211,6.8745,6.84984,6.87093
2022-08-29,6.91864,6.93268,6.90584,6.92809
2022-08-30,6.91468,6.92645,6.90606,6.90815
2022-08-31,6.9229,6.92489,6.89305,6.90855
2022-09-01,6.91359,6.91991,6.88921,6.90221
2022-09-02,6.9136,6.91907,6.9049,6.91315
2022-09-05,6.92238,6.9546,6.91992,6.94121
2022-09-06,6.94074,6.97837,6.93334,6.9705
2022-09-07,6.97443,6.99494,6.97222,6.98903
2022-09-08,6.96143,6.97766,6.95886,6.96434
2022-09-09,6.95861,6.9596,6.91774,6.92484
2022-09-12,6.92896,6.94832,6.91177,6.92416
2022-09-13,6.91776,6.93927,6.91109,6.93565
2022-09-14,6.98048,6.98252,6.96169,6.96967
2022-09-15,6.97169,6.9943,6.96807,6.99112
2022-09-16,7.01529,7.04249,7.00178,7.02746
2022-09-19,6.99733,7.02562,6.99176,7.02443
2022-09-20,7.00404,7.02324,6.99937,7.0228
2022-09-21,7.02925,7.065,7.02734,7.04797
2022-09-22,7.07981,7.10587,7.0682,7.08645
2022-09-23,7.07951,7.13186,7.0774,7.12542
2022-09-26,7.14118,7.17383,7.1306,7.16942
2022-09-27,7.16839,7.17202,7.14576,7.16999
2022-09-28,7.18045,7.26732,7.17823,7.24749
2022-09-29,7.17662,7.21579,7.14643,7.1476
2022-09-30,7.09732,7.13279,7.07276,7.11003
2022-10-03,7.1352,7.15602,7.12012,7.1496
2022-10-04,7.09973,7.11685,7.05192,7.06839
2022-10-05,7.03466,7.06267,7.01273,7.05809
2022-10-06,7.0635,7.0635,7.02209,7.05708
2022-10-07,7.08798,7.13275,7.0862,7.0974
2022-10-10,7.1387,7.15469,7.11449,7.15431
2022-10-11,7.15695,7.20043,7.14665,7.17904
2022-10-12,7.1762,7.19267,7.15359,7.17672
2022-10-13,7.17602,7.20013,7.16344,7.19283
2022-10-14,7.17876,7.21815,7.1595,7.21579
2022-10-17,7.21258,7.22278,7.19521,7.21963
2022-10-18,7.20507,7.21565,7.19396,7.21565
2022-10-19,7.22488,7.25637,7.21121,7.24689
2022-10-20,7.27097,7.27908,7.23505,7.24869
2022-10-21,7.25664,7.27891,7.25618,7.27137
2022-10-24,7.25763,7.30974,7.24262,7.30347
2022-10-25,7.32633,7.36671,7.30341,7.3628
2022-10-26,7.31812,7.34126,7.18214,7.21979
2022-10-27,7.17233,7.26288,7.16612,7.25631
2022-10-28,7.25647,7.2839,7.22543,7.27225
2022-10-31,7.276,7.32509,7.27289,7.3167
2022-11-01,7.33395,7.35534,7.2638,7.2774
2022-11-02,7.30845,7.3126,7.27717,7.29623
2022-11-03,7.34282,7.35168,7.31241,7.33906
2022-11-04,7.32939,7.33844,7.24292,7.26933
2022-11-07,7.24045,7.25951,7.1987,7.23553
2022-11-08,7.23144,7.27542,7.21653,7.26466
2022-11-09,7.23479,7.26118,7.23345,7.25368
2022-11-10,7.2707,7.27918,7.24335,7.25461
2022-11-11,7.15711,7.18888,7.05799,7.12164
2022-11-14,7.10105,7.1021,7.01969,7.05946
2022-11-15,7.04015,7.06122,7.02232,7.03548
2022-11-16,7.04562,7.09479,7.04551,7.08154
2022-11-17,7.10548,7.15089,7.09021,7.1488
2022-11-18,7.15091,7.16138,7.11373,7.12594
2022-11-21,7.13189,7.17709,7.13185,7.17344
2022-11-22,7.17603,7.17603,7.13185,7.13833
2022-11-23,7.13646,7.16739,7.12685,7.16182
2022-11-24,7.14885,7.1578,7.13352,7.14275
2022-11-25,7.16862,7.1786,7.15041,7.17603
2022-11-28,7.25212,7.25704,7.19984,7.21028
2022-11-29,7.24616,7.24712,7.15845,7.17998
2022-11-30,7.15403,7.16051,7.09343,7.09345
2022-12-01,7.03681,7.09125,7.02544,7.08668
2022-12-02,7.03784,7.0632,7.00679,7.01635
2022-12-05,6.98393,6.99233,6.93731,6.94607
2022-12-06,6.96639,6.99953,6.95047,6.9929
2022-12-07,6.982,6.99199,6.96243,6.98138
2022-12-08,6.96719,6.97977,6.96353,6.9694
2022-12-09,6.96281,6.96691,6.94235,6.95129
2022-12-12,6.96899,6.98928,6.96804,6.97637
2022-12-13,6.98804,6.99678,6.97426,6.99678
2022-12-14,6.96778,6.97135,6.93863,6.94853
2022-12-15,6.94961,6.98649,6.94512,6.97597
2022-12-16,6.9928,6.99441,6.96576,6.98587
2022-12-19,6.98744,6.98759,6.96999,6.97554
2022-12-20,6.98928,6.99654,6.95777,6.96721
2022-12-21,6.96214,6.98202,6.96145,6.98098
2022-12-22,6.98734,6.98791,6.9756,6.98323
2022-12-23,7.00884,7.013,6.98898,6.99903
2022-12-27,6.97519,6.97808,6.95942,6.96622
2022-12-28,6.96825,6.98237,6.96507,6.98185
2022-12-29,6.99135,6.99566,6.96837,6.97187
2022-12-30,6.97335,6.97675,6.94054,6.94277
2023-01-03,6.93008,6.93956,6.87885,6.91275
2023-01-04,6.92023,6.92034,6.88062,6.88467
2023-01-05,6.90307,6.90307,6.87096,6.88091
2023-01-06,6.88917,6.88958,6.85364,6.86808
2023-01-09,6.82062,6.82907,6.76622,6.79076
2023-01-10,6.78536,6.79888,6.75889,6.78674
2023-01-11,6.78702,6.7972,6.77174,6.78065
2023-01-12,6.76292,6.77326,6.7504,6.75539
2023-01-13,6.72739,6.74876,6.71468,6.72731
2023-01-16,6.70892,6.74176,6.69786,6.73517
2023-01-17,6.7419,6.78626,6.73523,6.78327
2023-01-18,6.77081,6.79002,6.75158,6.7528
2023-01-19,6.7664,6.78989,6.76279,6.78645
2023-01-20,6.77214,6.79283,6.76031,6.78805
2023-01-23,6.78038,6.78147,6.76331,6.76825
2023-01-24,6.77821,6.79008,6.76995,6.78928
2023-01-25,6.78378,6.78862,6.76641,6.77965
2023-01-26,6.76804,6.7743,6.72533,6.7417
2023-01-27,6.7317,6.76498,6.7223,6.75478
2023-01-30,6.74449,6.75833,6.73915,6.75309
2023-01-31,6.75848,6.76297,6.7487,6.7605
2023-02-01,6.75676,6.75802,6.74286,6.74425
2023-02-02,6.71074,6.73015,6.70584,6.72675
2023-02-03,6.73941,6.7549,6.73551,6.74511
2023-02-06,6.82826,6.82862,6.77776,6.79228
2023-02-07,6.79959,6.80383,6.77992,6.79677
2023-02-08,6.77512,6.79419,6.77387,6.7886
2023-02-09,6.79541,6.8046,6.78039,6.78176
2023-02-10,6.7936,6.81982,6.78972,6.8146
2023-02-13,6.82317,6.84471,6.82312,6.83574
2023-02-14,6.82221,6.82674,6.81758,6.8199
2023-02-15,6.83637,6.85768,6.83015,6.84841
2023-02-16,6.86152,6.87202,6.85027,6.86646
2023-02-17,6.87406,6.89665,6.87398,6.8951
2023-02-20,6.88047,6.88297,6.86006,6.86681
2023-02-21,6.86078,6.88917,6.85834,6.88156
2023-02-22,6.89124,6.90558,6.88742,6.90336
2023-02-23,6.90663,6.90769,6.88397,6.90641
2023-02-24,6.91757,6.95912,6.91175,6.95134
2023-02-27,6.98281,6.9897,6.96543,6.97802
2023-02-28,6.96057,6.96503,6.9456,6.95648
2023-03-01,6.9549,6.96158,6.87097,6.88762
2023-03-02,6.87644,6.92454,6.87077,6.90255
2023-03-03,6.91826,6.91976,6.89064,6.90924
2023-03-06,6.91225,6.93988,6.90708,6.93796
2023-03-07,6.95134,6.95368,6.92616,6.94193
2023-03-08,6.99473,6.99623,6.97244,6.97817
2023-03-09,6.96661,6.98644,6.96359,6.9717
2023-03-10,6.97811,6.98564,6.96531,6.96635
2023-03-13,6.91233,6.92465,6.86469,6.89407
2023-03-14,6.85654,6.88861,6.85153,6.88479
2023-03-15,6.88274,6.90652,6.87202,6.90455
2023-03-16,6.89233,6.91393,6.88495,6.89806
2023-03-17,6.89503,6.90083,6.85831,6.89094
2023-03-20,6.88233,6.90691,6.87665,6.88471
2023-03-21,6.87465,6.88484,6.86671,6.86973
2023-03-22,6.87689,6.89421,6.87483,6.88679
2023-03-23,6.85813,6.86336,6.81048,6.82682
2023-03-24,6.834,6.8846,6.82984,6.87863
2023-03-27,6.87007,6.88828,6.86677,6.88171
2023-03-28,6.88324,6.89005,6.8706,6.88512
2023-03-29,6.88033,6.89537,6.8747,6.88798
2023-03-30,6.89266,6.91221,6.87413,6.88776
2023-03-31,6.87671,6.87977,6.84419,6.87712
2023-04-03,6.88322,6.90068,6.87728,6.89095
2023-04-04,6.8762,6.88999,6.87126,6.88318
2023-04-05,6.87684,6.88403,6.86297,6.87805
2023-04-06,6.88453,6.88846,6.87623,6.87962
2023-04-10,6.87599,6.88671,6.87462,6.87904
2023-04-11,6.88937,6.89721,6.88557,6.89178
2023-04-12,6.89118,6.89585,6.88576,6.88595
2023-04-13,6.87956,6.88386,6.87256,6.88119
2023-04-14,6.87441,6.87445,6.83023,6.85359
2023-04-17,6.87468,6.88394,6.86764,6.87152
2023-04-18,6.88082,6.88575,6.86501,6.88172
2023-04-19,6.87881,6.91046,6.87323,6.90709
2023-04-20,6.89393,6.9031,6.88214,6.88409
2023-04-21,6.88236,6.90547,6.87812,6.89885
2023-04-24,6.89644,6.91266,6.89104,6.9023
2023-04-25,6.89817,6.93095,6.89516,6.93067
2023-04-26,6.93766,6.94317,6.9239,6.93709
2023-04-27,6.93911,6.94689,6.92119,6.93616
2023-04-28,6.92936,6.9389,6.91759,6.93541
2023-05-01,6.9356,6.95046,6.93418,6.94886
2023-05-02,6.96285,6.96293,6.94067,6.9441
2023-05-03,6.92945,6.93721,6.91562,6.92207
2023-05-04,6.92299,6.92814,6.89655,6.92575
2023-05-05,6.91626,6.92068,6.90876,6.91372
2023-05-08,6.92198,6.92589,6.91612,6.92298
2023-05-09,6.9229,6.93417,6.92144,6.92689
2023-05-10,6.9236,6.9357,6.91955,6.93031
2023-05-11,6.93429,6.9508,6.9309,6.94592
2023-05-12,6.95958,6.96437,6.95066,6.96331
2023-05-15,6.97109,6.97499,6.95515,6.96283
2023-05-16,6.96066,6.98105,6.95559,6.98009
2023-05-17,6.99613,7.02273,6.99268,7.0129
2023-05-18,7.01322,7.05757,7.0077,7.04871
2023-05-19,7.05008,7.07494,7.01212,7.01306
2023-05-22,7.02431,7.04449,7.01524,7.04245
2023-05-23,7.04803,7.07099,7.04241,7.07078
2023-05-24,7.06417,7.08165,7.04609,7.05742
2023-05-25,7.06542,7.09059,7.06457,7.08367
2023-05-26,7.09338,7.09863,7.05571,7.07218
2023-05-29,7.0785,7.09122,7.07234,7.08709
2023-05-30,7.0865,7.10951,7.07474,7.08945
2023-05-31,7.09127,7.13146,7.08744,7.12553
2023-06-01,7.1181,7.13971,7.10211,7.12235
2023-06-02,7.10316,7.11477,7.06718,7.07128
2023-06-05,7.11498,7.13576,7.10358,7.13161
2023-06-06,7.12255,7.13745,7.10703,7.13277
2023-06-07,7.1221,7.14247,7.1122,7.12919
2023-06-08,7.14608,7.15518,7.13758,7.14109
2023-06-09,7.12237,7.14382,7.11661,7.14378
2023-06-12,7.14291,7.15889,7.14235,7.15248
2023-06-13,7.15513,7.17811,7.15323,7.16361
2023-06-14,7.17334,7.17874,7.16478,7.16727
2023-06-15,7.17106,7.19214,7.15651,7.1622
2023-06-16,7.12333,7.14432,7.10428,7.11275
2023-06-19,7.13352,7.16694,7.13326,7.16292
2023-06-20,7.16253,7.18519,7.16069,7.18142
2023-06-21,7.18332,7.20342,7.18235,7.19182
2023-06-22,7.17929,7.1883,7.16697,7.18051
2023-06-23,7.19609,7.22864,7.1938,7.21888
2023-06-26,7.21176,7.24499,7.20616,7.2444
2023-06-27,7.24633,7.2494,7.20999,7.22107
2023-06-28,7.22634,7.25838,7.2121,7.25567
2023-06-29,7.24331,7.26602,7.23363,7.25293
2023-06-30,7.26917,7.28486,7.25181,7.28013
2023-07-03,7.27091,7.27286,7.2451,7.25933
2023-07-04,7.25639,7.25639,7.21825,7.22792
2023-07-05,7.23089,7.25738,7.22171,7.25396
2023-07-06,7.25925,7.26809,7.25217,7.25454
2023-07-07,7.25538,7.25738,7.23803,7.2463
2023-07-10,7.22915,7.24915,7.22027,7.24461
2023-07-11,7.22894,7.23639,7.19497,7.20487
2023-07-12,7.2111,7.21142,7.18571,7.19238
2023-07-13,7.16526,7.18164,7.16018,7.1659
2023-07-14,7.15167,7.15738,7.12278,7.14646
2023-07-17,7.15635,7.18741,7.14855,7.17787
2023-07-18,7.18481,7.18481,7.16785,7.17574
2023-07-19,7.19497,7.23237,7.19188,7.22611
2023-07-20,7.22933,7.23039,7.16926,7.17405
2023-07-21,7.17442,7.18736,7.16408,7.18205
2023-07-24,7.19046,7.21339,7.1792,7.20126
2023-07-25,7.18837,7.18975,7.13726,7.14452
2023-07-26,7.14065,7.16405,7.1399,7.15496
2023-07-27,7.15072,7.15081,7.11607,7.1486
2023-07-28,7.16576,7.17779,7.15137,7.15834
2023-07-31,7.1491,7.15624,7.13354,7.15602
2023-08-01,7.1507,7.17697,7.14824,7.17333
2023-08-02,7.17797,7.19807,7.17373,7.18957
2023-08-03,7.20169,7.20811,7.18192,7.18453
2023-08-04,7.17696,7.19341,7.15559,7.1902
2023-08-07,7.18772,7.2048,7.18592,7.19625
2023-08-08,7.20247,7.2319,7.20032,7.22958
2023-08-09,7.23764,7.24424,7.20709,7.2198
2023-08-10,7.22571,7.22949,7.21536,7.22111
2023-08-11,7.24293,7.25719,7.23404,7.25716
2023-08-14,7.26268,7.28222,7.26203,7.28042
2023-08-15,7.27748,7.32122,7.27667,7.31071
2023-08-16,7.32553,7.33841,7.30474,7.32086
2023-08-17,7.33844,7.34942,7.32088,7.32088
2023-08-18,7.30005,7.31883,7.28294,7.31499
2023-08-21,7.30849,7.33626,7.30423,7.30928
2023-08-22,7.28817,7.30788,7.26967,7.30483
2023-08-23,7.30544,7.30748,7.28315,7.29911
2023-08-24,7.2869,7.29475,7.26824,7.28544
2023-08-25,7.28478,7.29772,7.28203,7.29517
2023-08-28,7.28052,7.30492,7.27013,7.30371
2023-08-29,7.29098,7.30402,7.28491,7.29882
2023-08-30,7.28308,7.30435,7.28266,7.29691
2023-08-31,7.29931,7.30014,7.28678,7.29781
2023-09-01,7.27151,7.27457,7.23937,7.26681
2023-09-04,7.26987,7.27729,7.25476,7.27175
2023-09-05,7.28001,7.31166,7.27675,7.30913
2023-09-06,7.30357,7.32745,7.30206,7.3111
2023-09-07,7.32128,7.33715,7.31889,7.33475
2023-09-08,7.33983,7.36232,7.33472,7.34875
2023-09-11,7.35786,7.36003,7.29248,7.3142
2023-09-12,7.3034,7.31141,7.29288,7.30646
2023-09-13,7.30176,7.30594,7.28064,7.28277
2023-09-14,7.27455,7.28657,7.26089,7.28283
2023-09-15,7.29454,7.295,7.25976,7.28163
2023-09-18,7.27506,7.29833,7.27205,7.29687
2023-09-19,7.29005,7.30773,7.28871,7.29657
2023-09-20,7.30325,7.31558,7.29642,7.30427
2023-09-21,7.31292,7.32162,7.30366,7.31207
2023-09-22,7.31548,7.31708,7.29566,7.30515
2023-09-25,7.29699,7.31656,7.29467,7.31257
2023-09-26,7.31512,7.316,7.3057,7.31396
2023-09-27,7.31127,7.31958,7.30099,7.31769
2023-09-28,7.32321,7.32615,7.30709,7.30814
2023-09-29,7.29549,7.29878,7.28111,7.28856
2023-10-02,7.301,7.30923,7.29672,7.3029
2023-10-03,7.32424,7.33003,7.31577,7.32084
2023-10-04,7.32307,7.32944,7.31325,7.31648
2023-10-05,7.3201,7.32428,7.30508,7.32154
2023-10-06,7.30637,7.31545,7.30249,7.30565
2023-10-09,7.31154,7.31896,7.2845,7.29262
2023-10-10,7.28561,7.29972,7.27039,7.29875
2023-10-11,7.28428,7.30474,7.28183,7.30114
2023-10-12,7.2988,7.30403,7.28948,7.29839
2023-10-13,7.3092,7.31253,7.30113,7.3103
2023-10-16,7.30865,7.31943,7.30642,7.31575
2023-10-17,7.30991,7.32297,7.30975,7.32108
2023-10-18,7.32446,7.3275,7.30497,7.32277
2023-10-19,7.32631,7.34123,7.32207,7.33826
2023-10-20,7.33591,7.33922,7.3266,7.33416
2023-10-23,7.32768,7.33311,7.32065,7.32617
2023-10-24,7.30966,7.32131,7.30175,7.31896
2023-10-25,7.31111,7.32578,7.30706,7.32507
2023-10-26,7.33015,7.33373,7.32459,7.32781
2023-10-27,7.32069,7.3279,7.316,7.32672
2023-10-30,7.33409,7.33445,7.3235,7.32697
2023-10-31,7.32683,7.33675,7.3214,7.33058
2023-11-01,7.34127,7.34241,7.33344,7.33784
2023-11-02,7.32851,7.3349,7.32221,7.32742
2023-11-03,7.32754,7.3308,7.31894,7.32265
2023-11-06,7.28951,7.29261,7.27016,7.27456
2023-11-07,7.28459,7.2934,7.2804,7.2883
2023-11-08,7.27923,7.28706,7.26698,7.28637
2023-11-09,7.28604,7.29496,7.28059,7.29454
2023-11-10,7.29977,7.3045,7.29693,7.29865
2023-11-13,7.30489,7.31078,7.29517,7.298
2023-11-14,7.2909,7.30574,7.28989,7.29911
2023-11-15,7.25619,7.26663,7.23844,7.25659
2023-11-16,7.25576,7.26874,7.24972,7.25494
2023-11-17,7.24497,7.25516,7.2369,7.23798
2023-11-20,7.2217,7.22455,7.16311,7.1652
2023-11-21,7.16535,7.16778,7.12994,7.14456
2023-11-22,7.14406,7.16156,7.13262,7.16094
2023-11-23,7.16653,7.16786,7.13783,7.14213
2023-11-24,7.15197,7.1609,7.14288,7.15969
2023-11-27,7.1495,7.16518,7.14469,7.16505
2023-11-28,7.15523,7.16001,7.15011,7.15898
2023-11-29,7.12794,7.13239,7.11282,7.13204
2023-11-30,7.14228,7.14666,7.12296,7.1466
2023-12-01,7.14599,7.15359,7.13247,7.14484
2023-12-04,7.12614,7.14388,7.12484,7.1413
2023-12-05,7.14627,7.15968,7.14488,7.15185
2023-12-06,7.17116,7.17116,7.16193,7.16633
2023-12-07,7.17368,7.17414,7.15275,7.15355
2023-12-08,7.16487,7.17285,7.15363,7.17285
2023-12-11,7.18386,7.19891,7.18275,7.19274
2023-12-12,7.19331,7.19395,7.18352,7.19113
2023-12-13,7.19109,7.20006,7.18952,7.19727
2023-12-14,7.14101,7.14798,7.1286,7.14318
2023-12-15,7.1258,7.13199,7.09799,7.10994
2023-12-18,7.13346,7.13879,7.12732,7.13839
2023-12-19,7.14372,7.15255,7.14106,7.14857
2023-12-20,7.12397,7.14241,7.12397,7.14112
2023-12-21,7.14879,7.15671,7.14266,7.1567
2023-12-22,7.14212,7.16359,7.12923,7.13473
2023-12-26,7.14626,7.15294,7.14249,7.14797
2023-12-27,7.14274,7.15472,7.14149,7.15262
2023-12-28,7.14448,7.14455,7.10376,7.1102
2023-12-29,7.12037,7.13003,7.08754,7.1287
